<?xml version="1.0" encoding="UTF-8"?>
<root>
  <item name="com.qualcomm.qti.libraries.ble.BLEService com.qualcomm.qti.libraries.ble.Request onReceiveCallback(int) 0">
    <annotation name="androidx.annotation.IntDef">
      <val name="flag" val="true" />
      <val name="value" val="{com.qualcomm.qti.libraries.ble.Request.RequestType.CHARACTERISTIC_NOTIFICATION, com.qualcomm.qti.libraries.ble.Request.RequestType.READ_CHARACTERISTIC, com.qualcomm.qti.libraries.ble.Request.RequestType.READ_DESCRIPTOR, com.qualcomm.qti.libraries.ble.Request.RequestType.WRITE_CHARACTERISTIC, com.qualcomm.qti.libraries.ble.Request.RequestType.WRITE_NO_RESPONSE_CHARACTERISTIC, com.qualcomm.qti.libraries.ble.Request.RequestType.WRITE_DESCRIPTOR, com.qualcomm.qti.libraries.ble.Request.RequestType.READ_CHARACTERISTIC_TO_INDUCE_PAIRING, com.qualcomm.qti.libraries.ble.Request.RequestType.READ_RSSI, com.qualcomm.qti.libraries.ble.Request.RequestType.REQUEST_MTU}" />
    </annotation>
  </item>
  <item name="com.qualcomm.qti.libraries.ble.BLEService com.qualcomm.qti.libraries.ble.Request onReceiveCallback(int, android.bluetooth.BluetoothGattCharacteristic) 0">
    <annotation name="androidx.annotation.IntDef">
      <val name="flag" val="true" />
      <val name="value" val="{com.qualcomm.qti.libraries.ble.Request.RequestType.CHARACTERISTIC_NOTIFICATION, com.qualcomm.qti.libraries.ble.Request.RequestType.READ_CHARACTERISTIC, com.qualcomm.qti.libraries.ble.Request.RequestType.READ_DESCRIPTOR, com.qualcomm.qti.libraries.ble.Request.RequestType.WRITE_CHARACTERISTIC, com.qualcomm.qti.libraries.ble.Request.RequestType.WRITE_NO_RESPONSE_CHARACTERISTIC, com.qualcomm.qti.libraries.ble.Request.RequestType.WRITE_DESCRIPTOR, com.qualcomm.qti.libraries.ble.Request.RequestType.READ_CHARACTERISTIC_TO_INDUCE_PAIRING, com.qualcomm.qti.libraries.ble.Request.RequestType.READ_RSSI, com.qualcomm.qti.libraries.ble.Request.RequestType.REQUEST_MTU}" />
    </annotation>
  </item>
  <item name="com.qualcomm.qti.libraries.ble.BLEService com.qualcomm.qti.libraries.ble.Request onReceiveCallback(int, android.bluetooth.BluetoothGattDescriptor) 0">
    <annotation name="androidx.annotation.IntDef">
      <val name="flag" val="true" />
      <val name="value" val="{com.qualcomm.qti.libraries.ble.Request.RequestType.CHARACTERISTIC_NOTIFICATION, com.qualcomm.qti.libraries.ble.Request.RequestType.READ_CHARACTERISTIC, com.qualcomm.qti.libraries.ble.Request.RequestType.READ_DESCRIPTOR, com.qualcomm.qti.libraries.ble.Request.RequestType.WRITE_CHARACTERISTIC, com.qualcomm.qti.libraries.ble.Request.RequestType.WRITE_NO_RESPONSE_CHARACTERISTIC, com.qualcomm.qti.libraries.ble.Request.RequestType.WRITE_DESCRIPTOR, com.qualcomm.qti.libraries.ble.Request.RequestType.READ_CHARACTERISTIC_TO_INDUCE_PAIRING, com.qualcomm.qti.libraries.ble.Request.RequestType.READ_RSSI, com.qualcomm.qti.libraries.ble.Request.RequestType.REQUEST_MTU}" />
    </annotation>
  </item>
  <item name="com.qualcomm.qti.libraries.ble.BLEService int getConnectionState()">
    <annotation name="androidx.annotation.IntDef">
      <val name="value" val="{com.qualcomm.qti.libraries.ble.BLEService.State.CONNECTED, com.qualcomm.qti.libraries.ble.BLEService.State.DISCONNECTED, com.qualcomm.qti.libraries.ble.BLEService.State.CONNECTING, com.qualcomm.qti.libraries.ble.BLEService.State.DISCONNECTING}" />
    </annotation>
  </item>
  <item name="com.qualcomm.qti.libraries.ble.BLEService mConnectionState">
    <annotation name="androidx.annotation.IntDef">
      <val name="value" val="{com.qualcomm.qti.libraries.ble.BLEService.State.CONNECTED, com.qualcomm.qti.libraries.ble.BLEService.State.DISCONNECTED, com.qualcomm.qti.libraries.ble.BLEService.State.CONNECTING, com.qualcomm.qti.libraries.ble.BLEService.State.DISCONNECTING}" />
    </annotation>
  </item>
  <item name="com.qualcomm.qti.libraries.ble.BLEService void setState(int) 0">
    <annotation name="androidx.annotation.IntDef">
      <val name="value" val="{com.qualcomm.qti.libraries.ble.BLEService.State.CONNECTED, com.qualcomm.qti.libraries.ble.BLEService.State.DISCONNECTED, com.qualcomm.qti.libraries.ble.BLEService.State.CONNECTING, com.qualcomm.qti.libraries.ble.BLEService.State.DISCONNECTING}" />
    </annotation>
  </item>
  <item name="com.qualcomm.qti.libraries.ble.BLEService.State">
    <annotation name="androidx.annotation.IntDef">
      <val name="value" val="{com.qualcomm.qti.libraries.ble.BLEService.State.CONNECTED, com.qualcomm.qti.libraries.ble.BLEService.State.DISCONNECTED, com.qualcomm.qti.libraries.ble.BLEService.State.CONNECTING, com.qualcomm.qti.libraries.ble.BLEService.State.DISCONNECTING}" />
    </annotation>
  </item>
  <item name="com.qualcomm.qti.libraries.ble.BLEUtils java.lang.String getConnectionStateName(int) 0">
    <annotation name="androidx.annotation.IntDef">
      <val name="value" val="{com.qualcomm.qti.libraries.ble.BLEService.State.CONNECTED, com.qualcomm.qti.libraries.ble.BLEService.State.DISCONNECTED, com.qualcomm.qti.libraries.ble.BLEService.State.CONNECTING, com.qualcomm.qti.libraries.ble.BLEService.State.DISCONNECTING}" />
    </annotation>
  </item>
  <item name="com.qualcomm.qti.libraries.ble.Request Request(int, android.bluetooth.BluetoothGattCharacteristic, android.bluetooth.BluetoothGattDescriptor, byte[], boolean, int) 0">
    <annotation name="androidx.annotation.IntDef">
      <val name="flag" val="true" />
      <val name="value" val="{com.qualcomm.qti.libraries.ble.Request.RequestType.CHARACTERISTIC_NOTIFICATION, com.qualcomm.qti.libraries.ble.Request.RequestType.READ_CHARACTERISTIC, com.qualcomm.qti.libraries.ble.Request.RequestType.READ_DESCRIPTOR, com.qualcomm.qti.libraries.ble.Request.RequestType.WRITE_CHARACTERISTIC, com.qualcomm.qti.libraries.ble.Request.RequestType.WRITE_NO_RESPONSE_CHARACTERISTIC, com.qualcomm.qti.libraries.ble.Request.RequestType.WRITE_DESCRIPTOR, com.qualcomm.qti.libraries.ble.Request.RequestType.READ_CHARACTERISTIC_TO_INDUCE_PAIRING, com.qualcomm.qti.libraries.ble.Request.RequestType.READ_RSSI, com.qualcomm.qti.libraries.ble.Request.RequestType.REQUEST_MTU}" />
    </annotation>
  </item>
  <item name="com.qualcomm.qti.libraries.ble.Request int getType()">
    <annotation name="androidx.annotation.IntDef">
      <val name="flag" val="true" />
      <val name="value" val="{com.qualcomm.qti.libraries.ble.Request.RequestType.CHARACTERISTIC_NOTIFICATION, com.qualcomm.qti.libraries.ble.Request.RequestType.READ_CHARACTERISTIC, com.qualcomm.qti.libraries.ble.Request.RequestType.READ_DESCRIPTOR, com.qualcomm.qti.libraries.ble.Request.RequestType.WRITE_CHARACTERISTIC, com.qualcomm.qti.libraries.ble.Request.RequestType.WRITE_NO_RESPONSE_CHARACTERISTIC, com.qualcomm.qti.libraries.ble.Request.RequestType.WRITE_DESCRIPTOR, com.qualcomm.qti.libraries.ble.Request.RequestType.READ_CHARACTERISTIC_TO_INDUCE_PAIRING, com.qualcomm.qti.libraries.ble.Request.RequestType.READ_RSSI, com.qualcomm.qti.libraries.ble.Request.RequestType.REQUEST_MTU}" />
    </annotation>
  </item>
  <item name="com.qualcomm.qti.libraries.ble.Request java.lang.String getRequestTypeLabel(int) 0">
    <annotation name="androidx.annotation.IntDef">
      <val name="flag" val="true" />
      <val name="value" val="{com.qualcomm.qti.libraries.ble.Request.RequestType.CHARACTERISTIC_NOTIFICATION, com.qualcomm.qti.libraries.ble.Request.RequestType.READ_CHARACTERISTIC, com.qualcomm.qti.libraries.ble.Request.RequestType.READ_DESCRIPTOR, com.qualcomm.qti.libraries.ble.Request.RequestType.WRITE_CHARACTERISTIC, com.qualcomm.qti.libraries.ble.Request.RequestType.WRITE_NO_RESPONSE_CHARACTERISTIC, com.qualcomm.qti.libraries.ble.Request.RequestType.WRITE_DESCRIPTOR, com.qualcomm.qti.libraries.ble.Request.RequestType.READ_CHARACTERISTIC_TO_INDUCE_PAIRING, com.qualcomm.qti.libraries.ble.Request.RequestType.READ_RSSI, com.qualcomm.qti.libraries.ble.Request.RequestType.REQUEST_MTU}" />
    </annotation>
  </item>
  <item name="com.qualcomm.qti.libraries.ble.Request mType">
    <annotation name="androidx.annotation.IntDef">
      <val name="flag" val="true" />
      <val name="value" val="{com.qualcomm.qti.libraries.ble.Request.RequestType.CHARACTERISTIC_NOTIFICATION, com.qualcomm.qti.libraries.ble.Request.RequestType.READ_CHARACTERISTIC, com.qualcomm.qti.libraries.ble.Request.RequestType.READ_DESCRIPTOR, com.qualcomm.qti.libraries.ble.Request.RequestType.WRITE_CHARACTERISTIC, com.qualcomm.qti.libraries.ble.Request.RequestType.WRITE_NO_RESPONSE_CHARACTERISTIC, com.qualcomm.qti.libraries.ble.Request.RequestType.WRITE_DESCRIPTOR, com.qualcomm.qti.libraries.ble.Request.RequestType.READ_CHARACTERISTIC_TO_INDUCE_PAIRING, com.qualcomm.qti.libraries.ble.Request.RequestType.READ_RSSI, com.qualcomm.qti.libraries.ble.Request.RequestType.REQUEST_MTU}" />
    </annotation>
  </item>
  <item name="com.qualcomm.qti.libraries.ble.Request.RequestType">
    <annotation name="androidx.annotation.IntDef">
      <val name="flag" val="true" />
      <val name="value" val="{com.qualcomm.qti.libraries.ble.Request.RequestType.CHARACTERISTIC_NOTIFICATION, com.qualcomm.qti.libraries.ble.Request.RequestType.READ_CHARACTERISTIC, com.qualcomm.qti.libraries.ble.Request.RequestType.READ_DESCRIPTOR, com.qualcomm.qti.libraries.ble.Request.RequestType.WRITE_CHARACTERISTIC, com.qualcomm.qti.libraries.ble.Request.RequestType.WRITE_NO_RESPONSE_CHARACTERISTIC, com.qualcomm.qti.libraries.ble.Request.RequestType.WRITE_DESCRIPTOR, com.qualcomm.qti.libraries.ble.Request.RequestType.READ_CHARACTERISTIC_TO_INDUCE_PAIRING, com.qualcomm.qti.libraries.ble.Request.RequestType.READ_RSSI, com.qualcomm.qti.libraries.ble.Request.RequestType.REQUEST_MTU}" />
    </annotation>
  </item>
</root>

